Dogs.mp4,pull,brown,looking,mirror,foam,bitch,Bizkit,Soccer,hinge,dude,test video1904,table,doll,cat laying,skateboard,floppy ears,under blanket,front,sleep little,shaggy rug,soft toys,dog sitting,teddy bears,white bed,blanket,upload,love,fight covid,Babies,pair,sunset antislip,covers,shower,cute cats,poker,dreaming,Learn Shapes,ginger cats,Dog Runs,Wall,temperature sensitive,bit,room,cute baby,dog grooming,floor,MdeMae,puppy dog,teenage girls,rug,breeds,pet hair,border collie,rats,anti skidding,sit over,dog laying,Dog Talking,words,french bulldog,tfs,Mishka,non slip,train_(railroad_vehicle),keep warm,shepherd dog,nasa,music,yorkie,baby sitting,sofa bed,photos,kitten,torn,living room,cushion covers,sweater,Color Water,bed,DOG,brain processes,playing chess,Loja Petlove,breed dog,lots,boy,silly,ripple rug,bear,water,Funny Videos,laying,siberian husky,animal cruelty,group,youtube,خالد عبدالباسط,bathtub,sleep,cat,taxidermy,baby laying,squirrel,baby boy,baking soda,18,breed,white chair,animal,Copper,friend,dog bed,bathtub next,toddler,little zoo,terrier dog,camera,weeks,pillow covers,plastic_bag,german shepherd,laptop,standing,INSTAGRAM,Video,ball,Dog Walking,baby,Funny Cats,wall,brown fur,office chair,Humboldt Univ,window,زیباست,Kittens,dog runs,Godzilla,cat memes,shar pei,feet,people,kitchen,brown spots,teeth,foot,walking,handle,summer infant,images,down together,FUNNY VIDEO,couch,nails,orthopedic dog,Mirrors Compilation,cute smilling,playing,original content,dog harness,sofa,dog collar,banana,man walking,television_set,mattress,clip,dining room,chess,cute cat,FACEBOOK,National Geographic,antislip outings,room filled,length portrait,aliexpress,whippet dog,Baby laugh,italian greyhound,puppy,rocking chair,8 weeks,greyhound dog,snow,bottle,bath seats,dressed bichon,leash,scientists,Cats,dachshund,cat breeds,harnesses,motorcycle,memory foam,floor next,Dogs,little girl,pillow,yorkshire terrier,chihuahua puppy,wayfair,stray dog,shoes sitting,Jeremy Tintle,toy,soaking tub,gotta catch,dog,companion,#LOVE,man,having fun,labrador retriever,car,bichon frise,Auto-Tune,dressed yorkie,bed rest,https,diy,Dog,dachshund puppy,sock,front legs,cat lady,Pointer,toilet,dog breeds,flat feet,cats funny,transparent png,top,Dog runs,bathroom,small child,pillow blanket,cat performances,faucet,adults,black,meme,Banho Divertido,playing together,amazon,Idea,shoe cabinet,Dan White,welsh corgi,three teenage,pomeranian,puj tub,cute dog,wooden boards,boot,hands,baby sleep,dogs laying,bird,http://www.petlove.com.br,pillows,flowerpot,Hond,white,reflection,smilling puppy,blooming bath,yellow,cat tree,chihuahua,300 dpi,Colors,grey background,gxm fr,christmas,third installment,extra large,dog breed,turquoise,miniature schnauzer,hypoallergenic waterproof,shoe rack,pet friendly,Kids,animals,sitting,dende returns,cat sitting,www.MdeMae.com.br facebook.com,throw pillow,wooden floor,black dog,heavy duty,Rat,staffordshire terrier,videos,poker game,lying down,compilation,shower tub,CHILD MASTI,chair,sidewalk,good ideas,broccoli,YouTube,teddy_bear,colorful balls
Fishes.mp4,vented bulbul,images,tire toy,tall grasses,party decor,vector image,barn swallow,baby bears,top,png,colorful birds,cardinal,bear sow,artificial grass,bamboo tree,eating bamboo,photo,watercolor,pearl flower,swan,woodpecker,vector silhouettes,zebra finch,parrot,avian,tree,picxy,unsplash,spring plants,mourning dove,bird sitting,laying,drawing,kakariki bird,cades cove,red,blue bird,group,green plants,mallard duck,paroaria capitata,fake plants,bird,bird's nest,spill proof,cute bird,bear cub,flowerpot,little baby,puzzle,nest,close,caracara bird,photography,dead tree,house sparrow,closeup shot,ostrich,sparrow,pencil,bottle,sketch,watercolor bird,killdeer bird,hen,heron bird,yellow billed,crow,walking away,bear viewing,animal,sandhill crane,tropical birds,pine trees,giraffe,wildlife,painting,drongo dicrurus,cattle egret,ashy drongo,plover vanellus,sitting,ursus americanus,wildlife conservation,frisbee,birds sitting,bear ursus,magpies,ailuropoda melanoleuca,grass next,canada goose,standing,black bear,selective focus,alaska,grassy field,bird photography,nightingale,cardinal paroaria,griffon vulture,swallow bird,brown bear,baby,wheat grass,grass,striated caracara,old boy,branch breaking,artificial plants,grizzly bear,onion,large black,bulbul bird,forest,raven corvus,fotosearch,robin,pine tree,kodiak bear,tree branch,vanellus tectus,bunch,baby birds
Desert.mp4,teddy bear,bracelet,doughnut,race track,hispanic man,talking,person wearing,sitting outside,vest,suspenders,bird flying,paper,freepik,delivery man,pictogram minimalist,grey hornbill,classic controller,tie holding,person holding,skateboard,snow mountain,milk cows,wii nunchuck,ng aali,commercial purpose,rolling hills,blanket,mountain,cup,flock,head,photography,sofia,animal animals,baseball cap,sea shore,grey wall,fashion,bison,black shirt,food,eating,sunset,crayton,hand,bucket,netherlands wetlands,yellow shirt,birds flying,tie,image licensing,taveuni island,headband,bombardier,healthy exercise,oakland,keto friendly,beach,chiquita banana,soup,wedding cake,grass,pallet truck,statue_(sculpture),coat,road trip,cinnamon sugar,much cost,clouds above,woman,animals standing,fotosearch,nasa,dairy cows,victor torres,water plants,skate park,private jet,sea,ear,rovinj walls,sun hat,puzzlepix,hat,wiimote,jio SIM,photos,kite flying,beautiful horses,kitesurfing,foods,uganda airlines,beef cattle,vector image,attack,ocean,gull,sugar,deauville normandy,blue suit,lots,photo,semi truck,skateboard tricks,inflight magazine,casual,attire,rest stop,hula valley,sky background,water,recipe,shoe,wearing jeans,paper bag,hand holding,different types,netherlandswetlandsmaarkeneurope,shadow,cowboy hat,group,mothers hand,person,solomon islands,background,game console,compton,xbox,pole,stratus clouds,dome tent,tall,tennis court,demo,coconut,earring,helmet,terre monterosso,barefoot,boy holding,animal,seagulls flying,stripe dress,aerial photography,cartoon,flying above,wearing white,frisbee,gamecube controller,barn,keto diet,horseback riding,sunny day,trophy hunting,salim ali,commercial goods,chocolate,joystick,strap,alamy,protective film,dress shirts,low carb,unlimited access,funny expression,jet stream,four seasons,circle,varna austria,atlantic ocean,blue sky,hand truck,white background,smartphone,horse,cell phone,landing,tent,heifers grazing,foot,horses along,taillight,his ear,images,tuxedo,yellow background,picture,ramp,bellagio lake,png,table topped,carmen miranda,dairy farm,beautiful sunny,wii mote,virgin atlantic,sky brown,three white,banana,seiser alm,caucasian man,petting,editorial photography,fruits,body language,plane,bishop arts,man riding,length portrait,hornbill,green valleys,cattle graze,saddle_(on_an_animal),model release,straw hat,infrared astronomy,bananaman,california coast,alpe di,compact,road,fiber,tennis racquet,console,gray hair,plant,close,phone signal,people standing,standing together,glove,cowboy,burgundy sweater,videohive,successful businessman,silhouette,truck parked,bow tie,dress,herd,african american,gamecube,holding his,sheep,large body,di siusi,apartment buildings,clouds,vegetables,bowl,dreamstime,dark room,rishon lezion,dog,dinner jacket,bird photography,donuts recipe,man,indian bengali,bench,netherlands,car,telescope,drinking coffee,knee pads,brown horse,patio umbrella,car_(automobile),coastal,lake como,blue shirt,immersive,sky,clear sky,trousers,diverse group,mask,high fiber,fire truck,man wearing,suit,black suit,copy link,top,hands holding,person sitting,black,uffington white,cake,collar,holding,couple,longhorn cattle,pen,person standing,truck driver,petting zoo,older guy,wooden handle,stick umbrella,sandal_(type_of_shoe),pickup truck,protective gear,wedding,dairy,unsplash,cargo truck,fiji,sunny summer,dark brown,stratospheric observatory,handsome,black tie,bird,trailer truck,pacific ocean,tails,hunting,white horse,white shirt,person riding,rain,windshield_wiper,reflection,protective helmet,soviet truck,bright background,cow,fotolia,man holding,blue,varenna lake,vectors,menaggio lake,anti fog,dairy cow,sandy beach,fedora hat,back,smartphone gesturing,roller skate,trucker hat,skateboard deck,piece,playing video,maarken,side,sausage,phetchaburi province,white truck,white photo,gamepad,cattle grazing,suitcase,pony,isolated white,farmer,middle aged,old man,cloudy sky,hair loss,format jpg,coleman,migratory birds,cellphone,hunt,wheel,normandy region,landscape,windshield,gun,horse galloping
Cruising cars.mp4,Club,ads,parking lot,royalties,Bangers,Song,lush grass,Beats,dzeko mp3,parking meter,bike,Ghost,during daytime,suv car,Free playlist,sheep grazing,highway code,Trap,electric toothbrush,Purchase,tiger cat,automobiles,parking simulator,bikes,person holding,blank screen,skateboard,scissors,horse grazing,Master,warm evening,front,vintage,muscle car,background png,york city,passenger airplane,damage,car crash,COMMENT,upload,reverse,aviation,stop sign,fight covid,mountain,concrete parking,woman sitting,pair,sign,oral hygiene,drive safely,traffic,barber scissors,"$400,000",bmx,Soo,dirt bike,francisco oakland,babao,Didin canon,nakata музика,bro,pedestrian crossing,ginga monsta,tokyo 11,himachal pradesh,telephone_pole,1950s,signage,dui,SHARE,motorcycle biker,thailand,hand,sunset,monitor display,marty mcfly,eco car,woman holding,lane,sedan,mountain range,rental cars,bokeh background,street road,riders,#Thalapathy64,indian railways,Instant Delivery,rocky mountains,beach,poster,coupe,tail light,Shotgun Willy,MUSIC CHANNEL,#Madness,road trip,racing,girl holding,song,prod,flyboard air,riding,music,stopped,Show Cars,trap beats,video edit,camera_lens,doorknob,photos,parking spots,Lokesh Kanagaraj,dental association,vincent,night,field,ladot,electric skateboard,sheep color,vase,steering_wheel,1,clip art,vector,trunk,yield,river thames,Audi Bridgewater,boy,Original video,stickers,motorcycle helmet,road rage,toothbrush holder,DJ,view,housing society,royal enfield,man driving,underground car,HOT BOY,water,appearance,cartoon man,top photo,hand holding,vanda,group,youtube,person,night street,parking space,Kali Gaddi,sl4f,police,green grass,послушай ...,train traveling,indian roads,auto hub,splendor,suspension bridge,Nissan,illustration,parallel parking,animal breeding,Live Sessions,woman riding,Type Beats,Race Cars,san francisco,Instagram,real car,jet engine,Instrumental playlist,ford mondeo,night lovell,sketch,stylish,Jay Aliyev,bamboo toothbrush,collage,insurance company,traffic lights,car dealership,debut,street,aerial photography,cartoon,flying above,camera,Vanda,opinion,directions,cockpit,MAD Demando,cameras,vehicle,nakata,rearview_mirror,sleepy cat,Costa Mee,parking enforcement,tesla,plane flying,Remix,tall green,volkswagen beetle,#BABAO,window,honda cbr,red light,south sitting,Jdid Didin,cat memes,pxhere,moment,air,cell phone,motorbike,aircraft,stop drinking,taillight,images,classic,waymo,Cart,transparent background,Trap Instrumentals,dzeko,png,steering wheel,Lexus LFA,original content,trees branches,hoverboard,mp3 facebook,bridge,pulsar 200ns,tooth brush,brake lights,3d rendering,samsung galaxy,mountain river,scenic,علی,light signal,covid,insurance,grass pasture,aerial shot,silver motorcycle,Burnout,Tyga Taste,plane,kawasaki ninja,himalayan,archi club,traffic light,yangtze river,himalaya,headlight,minutes,#Deephouse#Car#Video#Show,automobile,little bell,Late Night,WORD PLAY,parallel,building,Thanks,notre dame,road,Audi,close,fazy40,andean mountain,7K,car dealer,airplane,driverless car,uddna jahaj,snow,MADNESS,airplane flying,silhouette,cat breeds,aerial,video,motorcycle,underground parking,herd,license_plate,dreamstime,hair,cellular_telephone,jet pack,hot boy,davidson motorcycle,dog,#KENYA,bench,car,leather jacket,trees industr,harley davidson,uttarakhand,motorcycle accident,car parked,png clipart,car_(automobile),basic skills,cutting,motor,immersive,sky,mississippi river,ollie,Supercars,worcestershire,Facebook,asphalt road,los angeles,clipart,self driving,LATHI,слушайте,driving,новинки музыки,ginger cat,man flying,footage,himalayan mountain,новый клип,parallel park,truck,riding motorcycle,top,real hoverboard,Growth Stunt,Twitter,pyrenees,gadget,Ben Hartnett,Video Subscribe,Original Mix,sizes,black,shivalik,street next,couple,accident,parked along,Mix Tune,parking ticket,ponte vedra,Angel Heart,bridge over,vent,autonomous vehicle,unsplash,airline flight,Hussam Beats,parked,india,yamaha,bmx bike,surfboard,prenkovi instagram,river,real-life Jaguar,street_sign,intersection,cruising altitude,bird,leather,shapes,flight,Solar Flare,environmental pollution,both sides,2,Followers,texas,driverless cars,windshield_wiper,Official Video,crossing,goats grazing,musicaddictsconnect@gmail.com,aesthetics,Danny Devito,calvar martinez,sport motorcycles,моменто мори,parking spot,subs ...,jojo,bus,man sitting,body,question,modded cars,sitting,India,indian motorcycle,cars,ktm,cat sitting,flowers,altitude,streetlight,trees,residential district,side,parked outside,share,white photo,celular,BMW,videos,pexels,toothpaste,europe,COLUMN,blur bokeh,Scalextric car,forest,automotive,parking fines,car driving,wheel,текст,owade,jalandhar,motor vehicle,road next,mount everest,airplane window,YouTube,colorful balls
Kotak Mahindra Ad.mp4,photos,bracelet,extra money,people sitting,Marathi Commercial,interest,suit,Ariana Grande,kirill kudryavtsev,sweater,passenger,sec,vector,savings,coffee cup,freepik,Sameer,table,spectacles,park bench,Kotak,donations,vent,unsplash,front,album,NEW SINGLE,group,commercial purpose,Telugu Commercial,his lap,SIXTH ALBUM,tie standing,Guitarist,microphone,LADY GAGA,Passenger,Official Video,Lady Gaga,boyfriend,backpack,illustration,UK,selena gomez,wooden bench,Hindi Commercial,London,Priest,dress,bus,cartoon,man sitting,3.5%,belt,Sameer #Fireboy,Rain,handbag,bolshoi,school,bank account,laptop,Selena,school buses,man,bench,avail,suitcase,crossed legs,Rapper,school bus,laptop_computer,interest rate,lanyard,RAIN,tie sitting,album 'Patchwork,trousers,chair,Spring,#IndiaInvited,world,doorknob
Motivating Speech.mp4,bracelet,people sitting,rocky ledge,two men,waterfall,mirror,frisbee disc,luxury car,talking,briefcase,pink bikini,holding her,wet_suit,prague,during daytime,vest,red shirt,canoe boat,wearing tuxedo,toronto skyline,suspenders,playing tennis,hair woman,river falls,freepik,garden bench,behind him,wooden bridge,handed scissors,birds,swimsuit,tie holding,road near,person holding,skateboard,blank screen,woman wearing,scissors,newspaper,elderly balding,GIRL,front,baseball_cap,background png,hipster sunbathed,drawing,york city,bench overlooking,mature woman,sand beach,commercial purpose,separate parts,dotted shirt,man standing,fight covid,mountain,nyc,woman sitting,chicago skyline,pair,happy smiling,peakpx,air travel,free footage,portrait photography,barber scissors,flying,funny guy,underwater,suicidal thoughts,baseball cap,sea shore,summer frisby,red hair,grey wall,pedestrian crossing,fashion,black shirt,world clock,bearded man,female hand,1950s,face,gta v,Maren Morris,gentleman,breast,downtown toronto,surfer girl,earphones,double breasted,eating,baseball bat,sunset,hand,bus stop,plus size,surfers,tie,atmosphere,blouse,charming brunette,hair straightener,woman holding,envato elements,sea ocean,clock tower,sunny weather,banana republic,dark sunglasses,mustard relish,fat man,clock,beach,selfie,stylish outfit,formal wear,beach state,violet,bronze sculpture,formal,eating banana,girl holding,typing,woman,dyson supersonic,fashion fashion,top hat,skyline silhouette,fotosearch,seen holding,clay court,wet suit,dish_antenna,estoril portugal,sunglasses,sea,throwing frisbee,ear,skate board,yoga fitness,sunflower,checkered shirt,cutting grass,puzzlepix,sun hat,hat,tie front,crop tops,photos,wikipedia,night,blazer,pointing finger,vector image,coronavirus,wear stylish,ocean,hair dryer,pictures royalty,vector,bridge road,blue suit,plane crash,photo,boat shoes,successful man,view,waterway,smiling,sky background,sleeve shirt,bench reading,paper cup,water,grey suit,middle age,dubai skyline,girl silhouette,ionic,hand holding,jfk airport,tie collar,flat vector,navy suit,cowboy hat,amphibious aircraft,urban building,tie standing,sydney harbour,small bird,city skyline,pole,train traveling,tennis court,blouse pink,peaceful lake,earring,woman riding,wearing casual,calling,ear listening,beeing driven,portrait,crew neck,beach ocean,mixed race,birds perching,black wet,skater,french businessman,satapada odisha,tablet computer,blue trousers,street,aerial photography,cartoon,fliqlo,gravestone,flying above,paved street,western wear,tennis players,ledge,morning jogging,pants,waistcoat,business man,senior woman,grey,tennis balls,laptop,standing,suits,barbecue grilled,long sleeve,school uniform,choker,germany cologne,baseball sport,stretching body,plane flying,lonely man,park,skirt,alamy,surf board,plaid shirt,polo shirt,unlimited access,church,woman smile,right hand,jooinn,atlantic ocean,air,white background,hipster man,smartphone,landing,cell phone,horse,beard,formal shirt,airlines flight,walking,denim,wearing santa,taillight,his ear,images,tuxedo,wearing glasses,longboard,hair styling,sports car,picture,transparent background,her ear,royalty free,photo postcard,his limo,red tie,beautiful peaceful,knee pain,shorts,tennis racket,samsung galaxy,street scene,banana,white frisbee,shopping bags,man walking,seaplane,binary code,woman stretching,angry man,aerial shot,caucasian woman,brunette woman,fitted hat,plane,telephone headset,party hat,computer screen,sailing,headlight,smiling man,credit card,fashion outfits,windows 10,pier next,beach holding,diego california,fortaleza ceara,laser,surfboard fortaleza,vector illustration,groom,building,road,tennis racquet,pecking seeds,scissor cutting,close,bird's eye,bronze statue,cartoon character,blonde,stacey zinoveva,formal clothes,sparrow,glove,kentucky derby,book,successful businessman,confident man,silhouette,his girlfriend,wooden pier,lonely girl,bow tie,blades,dress,african american,shirt,broken down,holding his,photo shoot,standing alone,amazon deforestation,jogging sunrise,business,socialist democratic,romantic couple,flying disk,disc golf,copy space,hong kong,ledge pecking,practicing meditation,selectedsize,suit straightens,dreamstime,tie wearing,hair,arms crossed,cellular_telephone,business suit,amazon rainforest,summer vacation,men wearing,low angle,monitor_(computer_equipment) computer_monitor,man,novak djokovic,finger touching,tennis player,bench,car,button,sunset beach,çocuk oldum,drinking coffee,beautiful girl,lanyard,png clipart,car_(automobile),hot dog,tropical beach,blue shirt,cutting,knees,immersive,little bird,tie sitting,surfboard pointing,chiffon blouse,bowler hat,bikini standing,toronto ontario,sweatshirt,light blue,old house,man wearing,river island,empty space,poses,ultimate frisbee,suit,handsome man,woman lying,wedding attire,dual voltage,surfer,gadget,looking away,dock,tennis ball,black,stoplight,hanging above,holding,casual clothes,street next,person standing,formal suits,smart phone,amazon,digital clock,surprised woman,carrying surfboard,retro 60s,park bench,bench looking,suit talking,vent,attractive woman,unsplash,hands,ultimate,looking down,tye dye,surfboard,concrete,river,street_sign,canal,black tie,sleeve,senior citizen,pigeon bird,bird,pacific ocean,city usa,fast food,floating,white shirt,wetsuit,hitchhiker,back view,two older,texas,project eve,dress shirt,pink hair,limo driver,300 dpi,house sparrow,foldable hair,wooden bench,dalkey port,pretty woman,boeing 737,man holding,wearing suits,suit jacket,sailboat,lonely depressed,simply southern,vectors,standing beside,woman floating,flying disc,traffic_light,beautiful woman,playing frisbee,fedora hat,man sitting,stylish clothing,b roll,body,smartphone gesturing,shoes,harris beach,shirt leather,necklace,skateboard deck,stick figure,rocky beach,Apple Music,sitting,wall clock,red skirt,ruapehu mount,casual shirts,bridge looking,slow lane,front side,male surfer,watercraft,cocktail attire,mature man,holding cell,polka dot,ticket,side,sausage,celular,fishing boat,basket,long hair,suitcase,michael crawford,statue,wall decor,middle aged,pexels,boat,old man,hair loss,casual clothing,city street,checked shirt,jeans,sunrise,office building,jacket,cellphone,buoy,empty streets,forest,tie dye,woman standing,chair,white dog,dress code,gun,left handed,airplane window,sitting alone,latest album
Basketball dunk.mp4,e p,trick shots,refrigerator,DUNK,man,shoe,dart,bench,lamp,wooden benches,jersey,@Maxwellpearce,train station,tennis_ball,skateboard,@florobeats,b,skaters,jacob lund,New York,group,IG user,game,r,men playing,baseball,World,Robin Hood,"$50,000",2,Player,immersive,Tinashe,luggage carousel,Apple Music,playing tennis,couple,point,sock,basketball,frisbee,chair,tennis court,Chris Brown,skate park,Tinashe ft,g,illustration,second part,knee_pad,cone
Baby falling asleep.mp4,photos,couch,jersey,ring,wii remote,bathroom,toothbrush,baby fall,bed,manual,controller,laptop computer,holding,Music video,wii mote,Ludacris,electric toothbrush,bored,1 minute,classic controller,nunchuck controller,cleaning,smiling,drinking beer,wii nunchuck,front,toddler boy,wrist strap,blanket,oral hygiene,mouth,police officer,young boy,man holding,book,brushing,mad catz,baby girl,nintendo,gamecube,floor,Justin Bieber,hat,pillow,cartoon,man sitting,hand,baby teeth,wii console,couch holding,sleeping,gamecube controller,remote,toy,chair holding,man,gamepad,minute,black man,#VEVOCertified,baby,toothpaste,joystick,alamy,their teeth,curtain,chair,watching tv,teeth,baby sitting,wiimote,remote controller
Walrus.mp4,teddy bear,tom wilson,cow protection,churchill manitoba,doughnut,mirror table,atlantic city,natgeomedia,crane,kite milvus,during daytime,grass tetany,margate,african elephant,BBC,duck swimming,freepik,table,polar bear,metal pole,cows laying,person holding,scissors,pacific salmon,duck,ducklings swimming,deer,flamingo,drawing,wild bird,goats,stop sign,atlantic salmon,artificial neural,com,pair,shower,flock,man swimming,machine learning,baby elephant,margate nj,oral hygiene,traffic,depositphotos,underwater,ice,arctic,mouthwash,donald trump,buffalo,calgary,gl,wildlife,birds flying,surfers,image licensing,hand feeding,elephant,Arcade Fire,Español,person feeding,Icehouse,beach,wave vector,maritimus spending,cuddling,grizzly bear,flowing water,indian ocean,fotosearch,blue jay,zip ties,kodiak bear,sea,tag,Electric Blue,photos,wikipedia,flat lay,plastic container,coronavirus,ocean,pictures,sea ice,red ribbon,salmon run,names,photo,columba livia,tardigrade,loxodonta africana,silver scissors,stickers,farm animals,laying flat,road signs,bear,water,Planet Earth,laying,swimming underwater,hand holding,pasture,bird sculpture,zoo,group,glass,youtube,surf spots,small bird,sand,deep learning,workout,puzzle,pole,baking soda,SOLA PLAYA,climate change,Polar Bear,bears,bristles,facts,swallow,laying down,polar plunge,barefoot,beach ocean,black wet,animal,agriculture,sheep standing,kelly slater,facebook,east urban,scissors cutting,frisbee,duck ducklings,surf camp,globalnews ca,wayfair co,indian elephant,brown bear,bear habitat,sri lankan,pigeons,goa,eco friendly,pool,alamy,surf board,drinking water,penguin,flying over,swim,circle,toothbrush toothpaste,seabird,Apple,foot,alaskan brown,wave,images,covid 19,plastic tub,mammal,ibis,polar,inflatable,exotic bird,Arctic,cattle standing,change climate,tooth brush,middle,banana,science,parrot,oregon zoo,multi piece,sri lanka,lucy,sea change,poop,wood table,cow tipping,marine mammal,National Geographic,sheep breeds,man riding,cement pole,grizzly,mallard duck,bear plunge,saddle_(on_an_animal),rock dove,tipping,parakeet,1080p 2k,barn owl,road,close,thailand bangkok,closeup shot,stacey zinoveva,wall mounted,people standing,tablecloth,bird perched,couple cuddling,collective noun,silhouette,salai lyan,pigeon columba,herd,giraffe,old pair,open water,720p 1080p,bath towel,selectedsize,dreamstime,neural networks,royalty,shorebirds,farm,goa india,dark water,plastic handle,honeyeater bird,tropical macaw,dog,public property,kanoa igarashi,man,melting,skin,african bush,coastal,fish,immersive,diverse group,national park,milk,white ibis,footage,putting toothpaste,global warming,elephants,tailed pigeon,top,dental floss,artificial intelligence,surfer,wheezing animal,natgeo ...,couple,log,sea waves,rock,swimming,ursus maritimus,chinook salmon,water aerobics,dairy,unsplash,adora bathtime,surfboard,river,eagle,street_sign,palm springs,senior citizen,bird,pigeon bird,laos,oakland ca,remote island,2k 4k,people swimming,nest,Walrus,person riding,Official Video,cdnwaj 喜歡支持的話訂閱下吧,dove,milvus migrans,cow,shepherd,kea bird,dairy cow,sandy beach,body,cattle egret,electric pole,wooden table,animals,animal wildlife,macaw,boat,pexels,toothpaste,pet,hair dressers,ocean wave,ursus arctos,pure silk,WHITE HEAT,teddy_bear
Plants.mp4,white wine,bracelet,decoration,wine rack,toothbrush,malaysia airlines,mirror table,hydrant valve,Aamir Khan,nature,electric toothbrush,freepik,floral foam,table,knife,collected curiosities,cup holder,wrench,person holding,scissors,cherry tomatoes,front,bathroom accessories,fight covid,extra hold,pair,wine glass,happy smiling,cup,green plant,oral hygiene,chopping board,stainless steel,Philips,langfang,barber scissors,photography,modern kitchen,white tie,new ways,cake sitting,bearded man,hibiscus flower,tie bar,food,bathroom sink,eating,growing organic,hand,spoon,tropical rain,tie,woman holding,decor,macro photography,organic fruits,sunny weather,rubber plant,wine,happy fathers,piano,grass,napkins,closed eyes,girl holding,glass bottle,banana tree,floating candle,plants,seed,photos,wikipedia,floral arrangements,flat lay,el arak,vase,chrysanthemum,blue tie,magnet,lanterns,strelitzia reginae,rain forest,red ribbon,plane crash,journey,bottle_cap,silver scissors,flight mh370,fire extinguishing,casual,water,hand holding,metal,flower_arrangement,glass,leaves,ripe bananas,cylinder vase,artificial flowers,Water help,ceramic vase,healthy meal,baking soda,fork,sewing scissors,green bananas,cabinet,carrot,mixed race,steel spoon,wine cork,stabbing motion,Series,hibiscus,authentics,flower bouquet,tallinn airport,ikebana,clipdealer,scissors cutting,frisbee,ghost knife,window sill,freesia,vase filled,wedding centerpieces,glass vase,condensed milk,red necktie,main reasons,aapno rajasthan,tie clip,plane flying,terraplanter,industrial designer,bandra west,flower arrangements,tredje natur,white ceramic,air,toothbrush toothpaste,bananas growing,landing,beard,millennial woman,bunch,parsley chopped,lettuce,table manners,purple,images,kitchen scissors,roses,gas stove,beautiful flower,tooth brush,Kickstarter,middle,bathroom windowsill,table decorations,chlorophytum comosum,bun,seaplane,rinse cup,poop,wood table,color background,flower arrangement,white plate,tiles,hydrangea,tulip flower,red,aliexpress,yellow banana,Langfang,vector illustration,glass bowl,candle,road,organic vegetables,annuals,scissor cutting,close,plant,white flower,palm tree,striped shirt,towel,silhouette,brushing teeth,chef,bow tie,ice cream,utensils,gerbera,shirt,old pair,china,rubber tree,vegetables,bath towel,gebel el,bowl,wedding reception,selectedsize,dreamstime,images photos,hair,havana,plastic handle,speaker_(stero_equipment),floriculture,dinner jacket,button,prayer plant,butter knife,squat toilet,painted,cutting,immersive,clear glass,light blue,man wearing,putting toothpaste,suit,top,dahlia,flower arranging,rose flowers,cake,urinal,boeing 747,rock,fresh vegetables,rose,bud vase,wedding,unsplash,yellow flower,fruit,hands,cherry blossom,concrete,alnico decor,black tie,bird,Project,flowerpot,zone denmark,white shirt,professional baker,out planter,flowers sitting,rustic table,lampshade,dress shirt,300 dpi,spider plant,boeing 737,plantain,refrigerator,Air Dehumidifier,man holding,blue,wine tasting,gypsophilia,daisy,glass vases,mimosa pudica,body,wooden table,teeth health,ceramic bowl,toilet paper,piece,selectedsize currencycode,flowers,hook,side,basket,mimosa,jeans,hand cutting,forest,salad,tulip,woman standing,tied ribbons,hair dressers,sidewalk,tie ribbon,bath,left handed,farm garden,Milk,banana plantation,Today
Motorbike.mp4,apple,goose,parking lot,doughnut,orange beak,mirror,roe deer,toy train,bike,tear gas,under armour,wet_suit,during daytime,sheep grazing,baseball softball,syda productions,seabirds,nature,street sign,freepik,autumn landscape,motorcycle touring,Eminem,person holding,scissors,vegetation,monsoon,lioness,front,warm evening,河野 土洋,small,black sheep,sand beach,mallard drake,sioux tribe,goats,man standing,mountain,fight covid,pair,desert bighorn,richmond va,wading bird,flock,carpathian mountains,barber scissors,photography,depositphotos,dirt bike,pitched roof,patio umbrellas,train routes,productions dolgachov,crow,motorcycle parked,baseball bat,key chain,sunset,birds flying,scree,mountain range,snowy mountain,feng shui,rocky mountains,beach,wooden bat,grass,custom motorcycle,jungle,road trip,racing,street parking,key ring,cyclist,large herd,keychain,sea,baseball glove,antarctica,housetop,photos,parking spots,stroked,night,foggy morning,field,pillion passenger,pillion,gulls,bicycle,pamban bridge,roof,barossa valley,gull,blue heron,photo,columba livia,mountains,seagulls,clouded sky,motorcycle helmet,snettisham spectacular,scenic landscape,view,royal enfield,trail,sheep husbandry,motorcycle club,group,background,zebra,abraham lincoln,green grass,shimla,pole,train traveling,konkan railway,woman riding,langenhagen germany,helmet,girl riding,animal,fire fly,seagulls flying,street,siem reap,sheep standing,enduro,equestrian statue,lion,camera,rock climbing,bird standing,flock together,birds sitting,business man,snowy peaks,traveling along,standing,snettisham beach,selective focus,horseback riding,rocky mountain,iron bridge,rearview_mirror,sri lankan,pigeons,chopper motorcycle,strap,jumping,museum,alamy,motorcycles scooters,cartoon illustration,window,warm sunny,lock,black motorcycle,scooter,blue sky,white background,horse,beard,hay,taillight,handle,images,bike bicycle,ocean sea,meadow,emvency tapestry,coast,coloring,bridge,river kwai,kite festival,large rock,adv motorcycle,rameshwaram,dirt road,friendly smile,holding hands,sri lanka,cloudy day,sea cliffs,motorcyclists,closeup,black clothes,cliff jumping,gorgany mountain,man riding,headlight,rocky hillside,pxfuel,road,scissor cutting,渡部哲哉,close,bridge across,kite,freight train,people standing,sparrow,glove,fence holding,silhouette,motorcycle,swiss alps,herd,dorothea lange,burka,mountain bike,cafe racer,sheep,alter ego,painting,antarctic,license_plate,horseback rider,dirt track,niqab,parasol,royalty,cliff diving,farm,biker,country road,eating grass,davidson motorcycle,low angle,natural landscape,man,classic motorcycle,leather jacket,car,harley davidson,Darkness,slow motion,rocky cliff,hiking,cutting,motor,clear sky,trousers,asphalt road,man flying,crash helmet,against theft,janelle shane,top,sheep crossing,couple kissing,edmonds,black,umbrella,couple,bicycle motorbike,helmet riding,rock,cycling,motorcycle moped,unsplash,boot,hands,parked,yamaha,crazy horse,harley,river,street_sign,handsome,pigeon bird,bird,capped mountains,horse carriage,person riding,rain,coastal erosion,Official Video,during sunset,hill,bighorn sheep,talus,cow,galloping horse,teddy roosevelt,rameswaram,back,man sitting,animals,sitting,ducks,eyeem,side,donkey,open road,white photo,reflector,suitcase,marwari horse,statue,cloudy sky,old man,pexels,city street,marmots marmota,forest,cliff overlooking,chinese man,wheel,local beach,motor vehicle,smile it's,left handed,baseball player,hand signals,horse drawn,caucasus mountains,broccoli,magpie,egyptian vulture
Careful Cat.mp4,ドミノ障害物ちょ,top,mirror,bathroom,tape_(sticky_cloth_or_paper),CAT Challenge,colored dominoes,wall_socket,original content,magnet,toilet_tissue,tennis ball,Life,cats,Obstacle Challenge,Cat,couple,wooden furniture,Patches,table,levels,Cat qualifications,sink,vent,Torneos Gratis,row,shoe,Dominoes,qualification,Channel,group,biscayne fl,umbrellas,#Challenge,upload,meowed,day,cat,ウチの猫,#Kittisaurus,white,shower,tennis court,cat funny,#Cute,people standing,fire_extinguisher,spy,Cats,Series,room,Cole,centre court,#Ghost,south perth,#maze,Black cats,sitting,bowl,lawn tennis,wheelchair tennis,flowers,spies,toy,new friend,PDS,dog,glass vase,Video,ctto,Prince Michael,tennis_ball,videos,wall,urinals hanging,crowd,Dog,fb 31Mviews,road trip,pickleball,trousers,動画の評価,chair,wimbledon,music,toilet,https://www.youtube.com/watch?v=,bunch,YouTube,doorknob,Today
Emma Watson Speech.mp4,photos,tuxedo,wall street,Mubina mazali,ANGELINA JOLIE,Mai Mela,suit,riga latvia,black suit,businessman,flag pin,holding glass,stuffed bear,mirror,ajanta,png,red tie,wearing,original content,Hillary Clinton,vest,black,dining table,tie attire,blue suit,gray grey,usa flag,louis ck,holding,playing tennis,tennis racket,vector cartoon,Jolie,street sign,amazon,freepik,table,spectacles,halloween costume,EMMA WATSON,tie holding,smiling,road signs,clip,scissors,baggage claim,equal rights,unsplash,grey suit,HILLARY CLINTON,front,earbuds headphones,long time,length portrait,washington dc,handsome,group,black tie,joe biden,upload,tie standing,blue classis,darren criss,hello kitty,man standing,technology,muscular man,happy smiling,white shirt,microphone,sign,anthony fauci,road,tennis court,blm,blouse pink,photography,earring,depositphotos,conference table,knee_pad,necktie,portrait,fauci,women's rights,large crowd,man holding,book,suit jacket,donald trump,sport clothes,1950s,room,bow tie,office workers,street photography,eating,stuffed animal,book portrait,microphone singing,cartoon,hand,necklace,wooden table,round table,tie,battery operated,English Subtitles,sitting,camera,canali,pants,arms crossed,female lawyer,decor,Yale University,tennis balls,standing,champagne,speech topic,suits,ENGLISH SPEECH,Hillary,both hands,cafe,clock,English speech,man,white photo,wine,tennis player,classis suit,suitcase,YouTube,speed limit,videos,wall,crowd,Angelina Jolie,alamy,skirt,lanyard,black pants,woman,jeans,rooftop party,polo shirt,getting ready,trump,luggage carousel,coffee shop,tie bridegroom,quartz,clay court,straighten strike,roman numerals,people,chiffon blouse,music,drink beers,lavalier microphone,dinner,orange bricks,man heating,convention,mural painted,tag,formal suit
Airplane.mp4,hornet,airbus a380,close formation,gorgeous sunset,arunachal pradesh,malaysia airlines,map,#sonu,fighter_jet,blue angels,private jets,blank screen,person holding,google maps,passenger airplane,paper plane,blanket,upload,aviation,mountain,turboprop aircraft,airline pilots,air travel,dusk,aviation flight,tulsa oklahoma,traffic,photography,flying,calgary,ANGELS,fighter plane,sunset,hand,airbus aircraft,airport,man's attempt,jet plane,mountain range,clear pale,snowy mountain,passenger airliner,large plane,half pipe,AMI Worldwide,pro snowboarder,2015,flying tomato,runway,google,B-47 Stratojet,flying overhead,flying through,airplane take,fotosearch,riding,jet aircraft,toy airplane,private jet,zip ties,air force,flag,music,cargo aircraft,tag,PINK FLOYD,californian landscape,night,jet bridge,vector image,flying low,tarmac delay,ocean,military aircraft,commercial airplane,aerospace engineering,parking lots,holiday,architecture,glider,plane crash,turbulence,flight level,flight mh370,density altitude,shaun white,view,road signs,sky background,falcon fighter,suflete moarte,water,179227812,against blue,Color,top photo,laminated 36x24,Prize,amphibious aircraft,youtube,person,propeller blades,above clouds,airport aviation,fire,british airways,flying against,travel,clear blue,local footprint,2018,fluffy clouds,illustration,channel,propeller aircraft,planes fly,jet engine,aesthetic,passenger air,36x24 inches,helicopter,big air,cartoon,Boeing,flying above,clouds background,across,flying boat,globalnews ca,chloe kim,takeoff,flight characteristics,airport runway,germanwings,igi airport,plane flying,737 max,jumping,alamy,Валерий МАРКОВ,flying over,blue sky,air,@,landing,cell phone,winter,08,aircraft,near innsbruck,images,transparent background,radio controlled,B-47,kowloon hong,original content,propeller airplane,hoverboard,bridge,severe turbulence,pik,Wolfe,c 130,editorial photography,soft focus,cloudy day,seaplane,snowboard,poop,VNV Nation,sint maarten,plane,aerial firefighting,green screen,nigam,vector illustration,regent street,aeroplane air,road,tender lies,29,close,road kowloon,icon a5,propeller,andean mountain,B-47 films,frankfurt airport,ken follett,airport tarmac,airplane,pipe,lockheed martin,snow,airbus,airplane flying,silhouette,aerial,motorcycle,video,ski resort,large body,philipsburg sint,rainbow,clouds,copy space,airplane wing,dreamstime,airliner,Morandi,public property,flight tickets,few clouds,antonov,jetblue,slow motion,Govt,cloud sky,jet,electric planes,sky,global network,light aircraft,atlanta airport,texting,boeing,man flying,1986,boeing 777,himalayan mountain,large airplane,skier,top,transport helicopter,ritesh pandy,walking across,pyrenees,countries,3d illustration,boeing 747,dew tour,muhel,Stratojet,mouse_(computer_equipment),passenger plane,passenger planes,mockup,parked,airplane jet,surfboard,washington dc,Divine Mercy,cruising altitude,oakland ca,bird,shots,mt everest,flight,photocase,wing,small airplane,rain,airplane aviation,225 mriya,lockdown,Chief Guest,f 35,stratolaunch,boeing 737,fire fighting,artificial rainfall,traffic_light,General Dynamics,boeing 777x,body,avions,jetliner aeroplane,range shooting,altitude,contrails,celular,aircraft flies,cloudy blue,videos,cloudy sky,city street,pilot,mid air,offices,arabic trap,mount everest,abu dhabi,Floyd,airplane window,flying across,MUSIC VIDEO,YouTube
Cats.mp4,nigel henderson,curtains,teddy bear,pull,apple,little kitty,console nintendo,wood pigeon,rust stains,looking,terrier puppy,일간의 기록,stupid idea,mirror,rose petals,parking meter,life,tv sitting,shepherd dogs,sphynx cat,thinning shears,wearing,social distancing,litter,hinge,small dog,during daytime,soft toy,art,window ledge,maine coon,nba,orange cat,persian,green budgie,de vence,kitchen shears,freepik,short haired,table,worms,wifi,garden bench,knife,walking shoes,pocket,handed scissors,headboard,classic controller,cat laying,bulldog puppy,curled,tail,blank screen,skateboard,person holding,scissors,Morkie,ikea,smelly,short hair,why do,front,heatable stuffed,shaggy rug,blurry background,bombay,oriental shorthair,ears,soft toys,remote_control,dog sitting,brown teddy,teddy bears,bashful bunny,blanket,upload,tuxedo cat,man standing,aviation,non shedding,fight covid,corgi,french croissants,woman sitting,dubrovnik croatia,pair,orchid,photographic print,Herman,sunset antislip,dog standing,shelf next,shower,cute cats,cage,anti fatigue,freezer,photography,tall grass,funny cats,360player,coon cat,instagram captions,door wardrobe,looking through,bags,restaurant,comfortable chairs,tabby kitten,cute small,couple sitting,chester zoo,gray striped,early childhood,natalie fobes,shirt branded,room,study,food,bathroom sink,funny animal,floor,kitchen interior,dog grooming,skydiving,maltese yorkie,meaning,eating,hand,bengal cat,rug,breeds,scale_(measuring_instrument),backed shrike,symbolism,jet plane,cats hate,cherry,elephant,anti skidding,cat lovers,cat meows,koala bear,decor,roller skating,domectic animal,clock tower,french bulldog,new friend,cat beds,drawer,feng shui,feral cats,puppies labrador,pet grooming,steel toe,non slip,faming,clock,litter box,poster,steak,cartoon giraffe,tomcat sitting,apples pears,shower stall,sari oneal,freezer refrigerator,smell,interior design,kitty cat,road trip,dog wearing,water fountain,woman,wearing red,cat chic,soft stuffed,wall background,mix,lap,cute kittens,toy castle,vinyl flooring,remote control,قصف جبهه,parti colour,watching tv,bandanna,air force,french door,music,bunny toy,wall mount,brown dog,desk,mat,digestion problems,edge,doorknob,bathroom remodel,photos,newest episode,flat lay,kitten,gamepad controller,치킨 새끼고양이,vector image,living room,Bed,eyeglasses,vase,pictures royalty,bicycle,bed,eat,brown wooden,pictures,beautiful cats,cute kitten,toilet_tissue,soniya enterprises,roof,cracked wooden,gas fireplace,perch,lightbulb,playing chess,red ribbon,names,Cat,photo,giraffe standing,boy,dish rack,kucing lucu,bottle_cap,pad,window perch,bulldog,paul de,silver scissors,basement floor,ripple rug,PAW Patrol,caucasian couple,cat silhouette,sitting position,sink,water,tomato,합사 첫날,scarf,budgie parrot,laying,green collar,cat poop,white sink,hand holding,nail biting,lightning,staring,front facing,glass,group,youtube,breathing problems,person,bay,bathtub,cute laying,city focus,sleep,cat,portable,friends teddy,red green,puzzle,trash_can,green grass,orphan kittens,cat standing,squirrel,cozy plush,unit,side table,bengal kitten,fan,zoo animal,tennis court,wooden stand,demo,shih tzu,illustration,feline,furniture arrangement,ground,corner,windowsill,grumpy cat,support,aeroplane,necktie,breed,organizer,cabinet,cuddly toy,golden retriever,funny,cat facts,kids musical,keyboard,mama,woodpigeon,blonde woman,animal,black cat,grey tabby,ideas,brick fireplace,stuffed animal,grape,poodle,fireplace mantel,cartoon,barking,terrier dog,clipdealer,warm pals,bed sheets,scissors cutting,birds sitting,ledge,cute kid,window sill,glass table,white toilet,half wall,german shepherd,autumn leaves,laptop,standing,urban ladder,selective focus,television,koala,scratching,ball,1269 2537,bear doll,FUNNY MOMENTS,choker,cast iron,pigeons,tabby cat,colored cat,birch plywood,wall,bath_towel,office chair,alamy,shocked perplexed,wooden railing,cat wearing,window,fridge magnets,cat crosses,snow bengal,skateboard park,nunchuck,inverter compressor,potty training,cozy warm,floor window,kids,thanksgiving,wood,ambesonne,cat memes,bird feeder,pets,dressing table,pre owned,shar pei,plate,figurine,white background,bast,computer monitor,flat screen,cell phone,drinking,bengal,kitchen,ragdoll kitten,games,girl sitting,walking,bored panda,crazy cats,handle,images,double door,smudge,tuxedo,kitchen scissors,tv,central park,adorable puppy,couch,self awareness,tall buildings,girl playing,study table,fireplace,cardinal,playing,wall_socket,cat's meow,original content,backrest loveseat,thai siamese,dog harness,table next,vizsla dog,sofa,radish,cute giraffe,yelling,confectionery,sparrows,laptop computer,pastel pink,decorating ideas,bay window,morkie half,decorating,window blinds,dog collar,allposters,fridge freezer,television_set,parrot,tree stump,halloween costume,peeing,nunchuck controller,tree,body language,dining room,poop,wall art,cat looking,chess,wood table,couch next,siberian cat,toucan bird,wooden chair,green screen,cute cat,FACEBOOK,antislip outings,catio,dance,sorry,red collar,westie,design,whippet dog,warmies cozy,gray cat,domestic animals,italian greyhound,puppy,cat lover,vector illustration,wii motionplus,rocking chair,building,full episodes,tennis racquet,doggy star,yoga,cat names,Yorkshire Terrier,sitting under,console,close,woman yelling,Ways,empty room,yellow eyes,wooden shelf,kite,wall mounted,pipe,airplane,towel,snow,kingfisher,bottle,leash,Nick Jr.,lamp,Cats,length mirror,silhouette,cat breeds,harnesses,video,shorthair cat,bow tie,wooden window,dress,persian cats,screen tv,old pair,funny budgerigar,grooming table,little girl,lonely somber,pete,air conditioner,santa hat,embracing teddy,pillow,painting,yorkshire terrier,bad luck,chihuahua puppy,spirit animal,stool,gray catbird,puppy kitten,high angle,fireplug,jack russell,couch potato,dreamstime,images photos,selectedsize,cat meme,table stack,bed frame,white portrait,fire place,toy,luggage,plastic handle,panda,shelf,toilet bowl,dog poop,speaker_(stero_equipment),dog,training teaching,monitor_(computer_equipment) computer_monitor,mounted tv,weimaraner,bedside table,Prince Michael,doha qatar,labrador retriever,shelf bookcase,car,bench,grey cat,diy,skateboard design,pink wall,dachshund puppy,pregnant woman,laminate flooring,immersive,sky,pet sitting,sock,pigeon,cute little,funny acts,black vinyl,striped bed,cat lady,texting,natural light,panda bear,shower_curtain,litter tray,rough collie,ginger cat,dalmatian,car seat,toilet seat,baby toddler,toilet,man wearing,nichba,dog breeds,cats funny,lavender scented,old rug,funny cat,transparent png,bandage,top,bathroom,furniture,bedroom,faucet,self isolation,소운,black,cake,dining table,warm blanket,corn nuts,couple,woman walking,meme,kitty,amazon,cute green,playing together,log,cats sitting,kitchen sink,welsh corgi,bored,park bench,kittens,pomeranian,vent,brick wall,toilet training,hungarian vizsla,silicon case,colorful fall,unsplash,hind legs,cool cat,totem,air purifier,shower head,lion cut,lucky charms,hiding,birdcage,refinish,transport airplane,federal court,wrist strap,doormat,bird,Tracker,green plaid,2,cats kittens,image,white,beagle dog,rain,lampshade,fall foliage,tuxedo cats,cat tree,300 dpi,chihuahua,british shorthair,dog lying,english bulldog,notepad,wooden bench,sunken eyes,behavior,carved wooden,ssb 1269,stopped eating,grey background,refrigerator,vietnamese,Kitten,tiktok,cute teddy,electric fireplace,plastic skateboard,hairless cat,standard poodle,windowless room,dalmatian puppy,placemats,bathroom mirrors,british,tv unit,sill autism,trouble breathing,tabby,calm relaxed,dog breed,bunk bed,white shoes,back,man sitting,area rug,computer_keyboard,shoes,belt,pet friendly,cat lying,wooden table,Baby Cat,sitting,solid wood,cushion,sleeping,toilet paper,cat proof,piece,kitty litter,aromatic candle,cat sitting,skull,tile,calico cat,wooden floor,cassandra madsen,taylor armstrong,shitzu dog,window treatment,chair next,adorable small,celular,door,bow_(decorative_ribbons),hungry dog,heavy duty,basket,sink single,entertainment center,scottish terrier,videos,monkey,cloudy sky,boat,pexels,tv cabinet,eating noodles,cheval mirror,shetland sheepdog,jeans,pet,curtain,bookcase,dispenser,drawn illustration,chair,hair dressers,wash basin,viseo,YouTube,#먼치킨,teddy_bear,beautiful blonde
Dog stay cool.mp4,kitten,central park,longboard,couch,carpet cleaning,funny cat,dog_collar,tutu dress,top,beagle,bed,laying upside,lap desks,skateboard decks,black,fawn,couple,bird watcher,dog collar,freepik,cat laying,floppy ears,ergonomics,motion blur,couch next,shoe,laying,cute cat,dog cat,standing desk,slow mo,laminated 36x24,staring,dog sitting,pug puppy,grey couch,peddar road,staring out,dog hair,person,pet urine,clearing rubble,puppy,cat,alpine winter,traffic jam,ergonomic desk,road,rain,his face,close,laptop stands,shih tzu,maltezer dog,bull terrier,hotels,leash,dog owner,highway construction,neck pain,room,36x24 inches,cat harness,trouble breathing,tray,dress vest,street,pillow,skatepark,calling 911,rug,pug bulldog,cat lying,border collie,amy cooper,fleece sweater,maltese shitzu,cars,rope,relationship troubles,construction equipment,dog,boardsport,bengal kitty,white photo,bench,tabby cat,vest harness,king charles,cute funny,kitty cat,alamy,road trip,woman,window,pet,couple broke,street lamp,funny dog,chihuahua pug,cute little,chair,white brown,skate park,carpet,skate board,window seat,desk,blur background,hat
Wildlife.mp4,teddy bear,goose,salmon,flower,rapax bird,crane,during daytime,sheep grazing,bird flying,snowboard amongst,african elephant,tree sparrow,table,dogs,polar bear,birds,tourist resort,person holding,woman wearing,lovebird,pacific salmon,milk cows,caspia,stars stripes,grass field,exotic animal,drawing,picnic,upload,poiana brasov,atlantic salmon,correct answer,eurasian tree,mountain,fight covid,175 gram,flock,baby elephant,spreading wings,lake,grass covered,photography,tall grass,uday imc,bushes,360player,fresh flowers,instagram captions,hyperboles artificial,bison,splashes ursus,dog surfing,gives birth,wildlife,pineapple,polar bears,hand,netherlands wetlands,birds flying,surfers,woman holding,elephant,clock tower,white umbrella,kerala,pigeon birds,trees snowboarding,beach,ski slope,grass,cooling system,grizzly bear,town square,animals standing,fotosearch,dairy cows,artificial flower,kodiak bear,music,sea,puzzlepix,photos,winter storm,wikipedia,cute dogs,splashes,botswana,beef cattle,beaked bird,field,vector image,attack,baby giraffe,blue glitter,Oceans,vase,ocean,pictures royalty,pictures,active recreation,vector,grizzly bears,sea ice,salmon run,giraffe standing,photo,pomegranate fruit,loxodonta africana,mountains,mountain lake,koniks polish,oriental white,lily pads,orange,white horses,bear,water,2020,netherlandswetlandsmaarkeneurope,pasture,group,flower_arrangement,youtube,stance,solomon islands,sand,background,zebra,greenfinch bird,ceramic vase,green grass,tennis court,albatross,amaryllis,snowy,demo,illustration,ripe pomegranate,landforms,Instagram,carrot,animal,baby girl,langkofel dolomite,gst invoice,sakura cherry,humming bird,flying above,kelly slater,loving couple,chatting,bird standing,image caption,black bird,standing,water sport,vase filled,indian elephant,algae blooms,glass vase,vertebrate,brown bear,wild animal,trophy hunting,wild horses,orso bruno,sloth bear,alamy,bear sits,apple fruit,newlywed couple,studio,bird feeder,blue sky,air,seabird,feet,figurine,white background,horse,bunch,heifers grazing,aircraft,taillight,walking,wave,sand dunes,american black,images,pampas grass,lemon fruit,longboard,polar,original content,beautiful sunny,middle,branch,three white,white frisbee,evergreen tree,banana,june 3,seiser alm,parrot,cattle,savanna park,snowboard,zebra stripes,man riding,programa televisivo,red,grizzly,cattle graze,ice cap,Trailer,vector illustration,masai giraffe,1080p 2k,tennis racquet,adorable cute,chris hendrickson,close,plant,flowers bouquet,daytime,blonde,tablecloth,bird perched,standing together,snow,ski chamonix,ski resort,herd,beringianus kamchatka,giraffe,bare tree,sheep,large body,black bears,painting,di siusi,closeup mynah,cut flowers,flowering plant,copy space,big wave,red white,dreamstime,phragmites,dark water,stallion horse,ski mask,dog,stunning adventure,grassy field,bench,netherlands,artificial,elderly couple,elephants standing,sky styler,DANGEROUS SNAKE,GARCIA CASIMIRO,flower delivery,immersive,ocean waves,pomelo,pigeon,tree branch,national park,clear glass,world,acrylic painting,footage,ultimate frisbee,hummingbird,top,Earth,flower arranging,cherry tree,polyresin,couple,longhorn cattle,log,rock,sable lake,ursus maritimus,bud vase,chinook salmon,zebra standing,dairy,unsplash,hind legs,fruit,floral design,Hienas Completos,square prague,surfboard,egret,standing near,river,Mark Vins,Leones,bird,horseback riders,2k 4k,male greenfinch,hunting,wing,sunset light,orchid flowers,stand walk,forest snowfall,person riding,rain,cow,mynah bird,seamless pattern,blue,kodiak,bulk discounts,silverback gorilla,birds nest,tropical birds,playing frisbee,body,wooden table,animals,sitting,ursus americanus,Película cinematográfica,amin king,reservoir,bear ursus,piece,wandering albatross,selectedsize currencycode,flowers,african,trees,toxic algae,black bear,maarken,giving away,myna bird,cattle grazing,wild species,videos,farmer,pexels,forest,endangered species,African Cats,mid air,ursus arctos,yellow blue,horse drawn,barrington barber,YouTube,teddy_bear
Coffee art.mp4,chocolate cake,photos,dipped strawberries,table manners,apple,images,ember,overhead shot,vector image,doughnut,silver spoon,tropical fruits,top,hands holding,mug,birthday cake,rectangular saucer,exotic tropic,magic spoon,cake,breakfast cereal,dining table,vegetables fruits,classic suit,baked chocolate,freepik,multicolored caramel,table,banana,desk table,tropic fruits,banana bread,person holding,two cups,coffee sitting,paper cup,tiramisu cake,wood table,caffeine,kitchen utensils,travel mug,white plate,computer,commercial purpose,breakfast,flowerpot,woman sitting,cup,blender,latte,close,ceramic mug,coffee beans,glazed doughnut,cafe seating,sprinkles,coconut cake,red pepper,pav bhaji,balanced diet,cereal,spinach leaves,coffee,corn flakes,immersion blender,velvet cake,plastic spoon,food,disposable coffee,fresh cup,vertical,white manicure,banana pancakes,thailand,sunset,spoon,pink donut,wooden table,brew,top view,bowl,woman holding,red velvet,sponge cake,homemade belgian,bru gold,belgian waffles,taste,cafe,oatmeal porridge,korean food,casual wear,drinking coffee,sunrise,happy birthday,covered strawberries,glazed donuts,cafe latte,raspberries,belgium waffles,fotosearch,rainbow cake,plate,white background,free vector,chocolate donut,milk,plants,cup cake,tea
Lions.mp4,mane,teddy bear,goose,brown,Lions,animal world,roe deer,Food Chains,mongooses,person wearing,head down,during daytime,FileStar,african elephant,BBC,freepik,giraffa camelopardalis,dogs,spectacles,polar bear,Eminem,their dogs,cat laying,Sonaran Desert,animals fo,person holding,milk cows,documentaries,lioness,grass field,MP4,wild bird,mae wang,blanket,upload,collie,wolfgang hasselmann,persian cat,fight covid,coronavirus trudge,cute cats,baby elephant,highland cow,chianina,دستاویزی فلم,head,pointy ears,bushes,bear cubs,samoyed,arabian horse,wildlife,pineapple,hand,netherlands wetlands,tie,wireless remote,Little Killers,woman holding,elephant,kerala,Mongoose,Jackal,melting snow,stallion,formal wear,grass,small hill,branch breaking,grizzly bear,twig licks,song,giraffes,remote control,dairy cows,watching tv,kodiak bear,music,Doors,plants,white longhorn,puzzlepix,photos,beef cattle,field,Prairie Dogs,Kalahari desert,brown cow,pictures royalty,bed,pictures,hindi,grizzly bears,thick bush,rain forest,photo,giraffe standing,loxodonta africana,white horses,bear,Oregon Zoo,laying,netherlandswetlandsmaarkeneurope,Cultural Adventures,pasture,lightning,zoo,group,poacher,white giraffe,belmont stakes,solomon islands,cunning jackal,small bird,sleep,cat,zebra,puzzle,green grass,illustration,langenhagen germany,facts,laying down,breed,heads turn,Cape Cobra,storyblocks,bear viewing,animal,male lions,langkofel dolomite,died,cartoon,drongo dicrurus,lion,ashy drongo,African lions,rainforest,birman cats,his shoulder,standing,selective focus,lion documentary,indian elephant,Masai warriors,kushal konwar,guernsey,wild horses,bed blanket,fire hydrant,alamy,mating,bear sits,window,wren,unlimited access,cows grazing,triple crown,white background,free lunch,smartphone,horse,winter,brown spots,heifers grazing,images,Lion cubs,horse racing,barn swallow,royalty free,Hamadryas baboons,ternos slim,horses standing,emvency tapestry,longhorn cow,conservation,original content,Life,dairy farm,beautiful sunny,Habitat,cattle standing,wedding suits,Convert MXF,middle,dirt road,three white,seiser alm,lions,covid,clip,bulgaria,face portrait,GALAPAGOS,grizzly,urdu,puppy,1080p 2k,Meerkat,close,cartoon character,Galapagos,daytime,closeup shot,sparrow,bird perched,patches,green field,snow,baby bear,video,heron bird,ca,bow tie,herd,shirt,giraffe,addition lions,sheep,di siusi,white calf,selectedsize,dreamstime,farm,Cause Changes,stallion horse,cattle farming,eating grass,zebras,cooking,dog,Michael Edwards,man,clydesdale horse,elephants die,elephants loxodonta,old standing,animals Prey,tusked male,old boy,tomtit sits,Darkness,Kenya,foal,dress wedding,brown horse,png clipart,Royalty,dirt field,tree branch,milk,ginger cat,green pasture,dog breeds,suit,copy link,top,horse portrait,cherry tree,black,umbrella,couple,longhorn cattle,log,arabian,dairy,unsplash,hind legs,Bands,bird sitting,german spitz,robin bird,standing near,Masai,Masai cow,2k 4k,costume homme,rival families,sunset light,rain,Official Video,close up,dead tree,goat,wooden bench,cow,farm animal,engagement photos,suit jacket,walking away,clash,kosovo,dairy cow,maltese dog,adult,animals,ducks,alberta,bee eater,International Nature,chiang mai,black bear,alaska,maarken,white photo,swallow bird,cattle grazing,videos,farmer,pexels,TV Show,explosives,secretariat,marmots marmota,forest,endangered species,small brown,pine tree,YouTube
Elephants.mp4,pineapple filled,long term,teddy bear,tusks,giant pair,tall grasses,redheaded girl,paddington station,elephant conservation,wearing,natgeomedia,african elephants,during daytime,golden triangle,wildlife sos,sheep grazing,african elephant,forest ranger,fur,table,michael lorentz,polar bear,Eminem,cat laying,elephant rides,skateboard,scissors,u6uq8p,front,grass field,50 gallons,paddington bear,upload,tuxedo cat,chain rope,elephant dung,ross watson,portsmouth hampshire,handsome black,com,fight covid,mountain,meadow village,pair,reykjavik iceland,richmond va,signboard,flock,baby elephant,cage,grass covered,photography,tall grass,circus elephant,big ben,banana plants,lee byung,donald trump,jehu christan,face,arabian stallion,population decline,armed forces,cute baby,zsl whipsnade,control,buddha statue,statues,wildlife,pineapple,fighter plane,thailand,baseball bat,blind men,surfers,tie,woman holding,elephant,friendship goals,decor,elephant seal,review,clock tower,military uniform,kerala,army,poachers,snowy mountain,continent faces,feng shui,bernini,list,pregnant,beach,banana peel,grass,clock hanging,jungle,statue_(sculpture),tusker,bronze sculpture,turtle,town square,woman,tolsby frame,nepal,grand opening,flyboard air,theodore roosevelt,fotosearch,large herd,banana tree,surfboard art,riding,chris clor,cute handsome,lord ganesha,music,hindu god,cracker,banana peels,motor scooter,banner bunting,elephant standing,mushroom,photos,wikipedia,kitten,african savanna,blazer,botswana,boston herald,field,waterhole,looking out,ocean,bed,brown wooden,bear sow,bear costume,vector,dinh quan,trunk,red ribbon,faux ivory,photo,pizza,loxodonta africana,silver scissors,buddha,mouth open,sea lion,casual,baby elephants,seal,paddington,green forest,bear,water,ganesh,watch,fence tweeple,ceiling,hand holding,grow,pasture,coimbatore,biggest elephant,zoo,imagekind,group,flower_arrangement,youtube,elephant figurine,leaves,woodland hills,monument,wildlife nature,stone wall,adversarial,rc stunt,cat,abraham lincoln,puzzle,facebo ...,green grass,elephant walking,tom ford,backpack,ground,fence,gbbc,jet engine,facts,elephant statue,amsterdam,carrot,funny,dog elephant,calf,tusks ears,larger elephant,animal,solar,very cute,bananas,gray elephant,died,stuffed animal,gray blouse,forest wildlife,grassland,ivory,equestrian statue,kelly slater,lion,suffolk punch,scissors cutting,animal sanctuary,window sill,elephant calf,standing,indian elephant,Africa,wild animal,laughing buddha,tabby cat,elephant camp,boston ma,train station,military,scary teddy,strap,skirt,museum,alamy,drinking water,pickpik,large black,window,adult elephant,zoo animals,execution,terrestrial,dumbo,andrew jackson,wood,electric fence,air,musth,horse,brown university,bunch,two elephants,heifers grazing,chain,walking,wave,images,tuxedo,face mask,bear clipart,bird sanctuary,royalty free,rosalind wheeler,standing next,horses standing,bush elephant,maasai mara,mammal,upholstery,png,ripe,stalk,original content,sofa,hoverboard,temple,drone,migration,middle,mountain background,banana,field near,holding hands,banana bread,tree,snowboard,wall art,eye,caucasian woman,stretched canvas,small herd,man riding,cades cove,101科學教室 一起飛往,quint,bigger elephant,spray paint,short term,day,icelandic horses,vector illustration,1080p 2k,color,building,rival China,war,birds standing,close,rice,bird's eye,ripening,bronze statue,masai mara,bear hand,pregnant elephant,standing together,three men,chickens roam,gold elephant,london,deng xiaoping,silhouette,bow tie,herd,african american,old pair,florida man,cement,sheep,china,snow slope,papers documents,strawberry tree,pillow,painting,220 pounds,Economist,suzi eszterhas,beverly joubert,wayfair,wood carving,selectedsize,wasatch mountains,dreamstime,jet pack,plastic handle,hd png,eating grass,panda,low angle,dog,coffee break,grassy field,man,png download,elephants die,bull,queens plaza,pile,tusked male,dreams,Darkness,v,slow motion,klqo,lanyard,african bush,walking forward,bird cage,tongue,vasai virar,over head,big tuskers,ocean waves,immersive,sky,bees,ollie,diverse group,firecrackers,dirt field,dong nai,tusker elephants,national park,final images,man flying,tropical forest,sad,man wearing,white nose,carving,Elephants,kitchen table,suit,lithuanian,elephants,leaf,teaching resources,real hoverboard,artwork,top,elephant statues,medium shot,surfer,taronga zoo,white tuxedo,fabric,black,expiring soon,collar,rocks,couple,hampshire uk,harley quinn,watercolor,walks along,green heron,log,roam freely,black_sheep,elephant sitting,picxy,unsplash,hind legs,fruit,india,wife's lover,surfboard,beehive,concrete,crazy horse,standing near,street_sign,black tie,moon face,bird,hose,bear cub,commanding presence,whipsnade zoo,ribbon cutting,hunting,divya mantra,face closeup,killed,bull elephant,Official Video,fluffy cat,large elephant,elephant sanctuary,goat,mountain slope,cow,police officer,angry,jason bittel,man holding,teddy roosevelt,urs fischer,standing beside,grass near,woolly mammoth,ripe banana,boy teddy,body,wooden table,animals,acacia tree,sitting,ursus americanus,farthest flight,tuskless elephants,riding horse,ganesha,cat sitting,throw pillow,chiang mai,african,black bear,uniform,maarken,side,donkey,white photo,midget,heavy duty,nelson mandela,wildlife tourism,marwari horse,queens,statue,videos,images added,cloudy sky,animal specie,tamil nadu,animal prints,white red,stone fences,24000 pounds,explosives,anantara golden,soccer coach,immensely tall,migratory birds,chinese man,tortoise,problems,landscape,mid air,nose,hair dressers,eating green,white dog,horses grazing,baseball player,resources twinkl,law,broccoli,YouTube,amboseli,isolated
Horse.mp4,brown,bracelet,riding horses,mirror,frisbee disc,ian stark,luxury car,toothbrush,pony horse,during daytime,equestrian sport,elderly woman,hair woman,freepik,wifi,floor mirror,labrador,Eminem,swimsuit,woman wearing,blank screen,person holding,skateboard,scissors,wii nunchuck,front,grass field,picket fence,fight covid,woman sitting,pair,curly brunette,comb,jean shorts,fence ranch,black hair,small group,barber scissors,photography,baseball cap,jockey,bottle milk,slim darkhaired,beautiful brunette,room,smiling woman,arabian horse,surfer girl,black bikini,hand,sunset,blouse,border collie,woman holding,hand feeding,gothenburg sweden,renaissance dress,envato elements,bathroom mirror,beautiful smiling,beach,stallion,grass,green bushes,dark mane,woman,multi ethnic,border collies,fotosearch,sunglasses,riding,ear,hat,photos,beautiful horses,elegant lady,field,living room,beautiful female,sweater,stroking,clothes,bet giraffe,photo,legs,couple playing,mares,backhand,brunette girl,leaning against,shot,running workout,kissing,water,woman feeding,hand holding,cowboy hat,group,light brown,stable,police,green grass,pole,background royalty,sewing scissors,illustration,fence,woman riding,pretty horses,beeing driven,helmet,golden retriever,stabbing motion,blonde woman,leisure activity,galati romania,street,cartoon,clipdealer,head stands,inflatable ring,frisbee,drink,her 20s,laptop,standing,suits,dog jumping,horseback riding,summer hat,breast milk,tracking performance,handsome bearded,baby,redbubble,strap,alamy,unlimited access,hot slim,metal garden,horsewoman keeping,grazing,air,people,smartphone,horse,cell phone,winter,beard,sport extreme,kitchen scissors,images,horse racing,hoof,ranch exterior,handsome young,her ear,royalty free,standing next,measuring tape,his limo,collie dog,photograph,cute giraffe,white dress,ranch,petting,nunchuck controller,tree,shetland pony,teenage girl,caucasian woman,brunette woman,green screen,swimming pool,length portrait,saddle_(on_an_animal),puppy,pink dress,vector illustration,leak proof,fashion portrait,building,dancer dancing,aged woman,close,photographer,woman dressed,people standing,green field,girl hugging,bottle,brown hair,successful businessman,confident man,silhouette,bow tie,elegance woma,dress,african american,dpi jpg,giraffe,multi racial,flying disk,disc golf,phones near,suit straightens,white spot,images photos,dreamstime,young man,arms crossed,dog,man,clydesdale horse,car,sport,button,crying,hospital,dangerous woman,Darkness,slow motion,foal,wheelchair,beautiful girl,brown horse,corral,bikini holding,pregnant woman,catch,cutting,wooden gate,attractive slim,tie sitting,image id,field during,texting,mare horse,stirrup,standing behind,suit,copy link,wii remote,handsome man,woman lying,bedroom,horse portrait,couple kissing,pond5,guitar case,dark haired,black,blonde lady,holding,woman walking,couple,giraffe baby,lady sitting,retro 60s,park bench,bench looking,sculpture,wedding,unsplash,boot,hands,ultimate,surfboard,standing near,dark brown,tank_top_(clothing),russell terrier,changing room,horse forelock,white horse,white shirt,wetsuit,old broken,black horse,smiling girl,person riding,Official Video,reflection,close up,limo driver,street light,300 dpi,longboarding,forehand,wooden bench,cow,police officer,headpiece herbivore,angry,man holding,garden fencing,extreme hobby,flying disc,throw,beautiful woman,playing frisbee,dead horse,back,necklace,claudio piccoli,woman petting,cowboy cowgirl,wooden fence,white photo,celular,pexels,city street,hand cutting,jacket,woman standing,six horses,mid air,left handed,natallia sidorova,racial businesspeople
TEDx Speech.mp4,photos,man wearing,face mask,tuxedo,picture,suit,black suit,ternos slim,flag pin,#covid19,red tie,teacher,students,black,wedding suits,red ribbon,blue suit,usa flag,train track,train,silver scissors,successful man,#id2020,tie holding,person holding,blank screen,scissors,grey suit,mockup,green screen,hand holding,length portrait,business people,credit card,man eating,black tie,Teaser,pocket square,small businesses,University Imphal,train accident,pair,costume homme,white shirt,rail transport,microphone,sign,dress shirt,close,photography,IIM Shillong,hanoi,spell,suit jacket,bow tie,collage,african american,shirt,old pair,street,microphone singing,thailand,hand,tie,sitting,scissors cutting,dreamstime,hanoi vietnam,kerala,plastic handle,40%,speech topic,dinner jacket,man,white photo,station,celular,stylish outfit,formal wear,tie clip,doing ok,train station,tennis_ball,middle aged,dress wedding,happy birthday,fotosearch,hair dressers,collage maker,cell phone,texting,orange bricks
