Dogs.mp4,YouTube,original content,bathtub,dog,cat,bed,music,top,videos,upload,love
Fishes.mp4,heron bird,grass,crow,dead tree,tree branch,black bear,closeup shot,top,bird
Desert.mp4,helmet,much cost,holding,jio SIM,cow,water plants,images,man,beach,unsplash,horse,photos
Cruising cars.mp4,road,fight covid,car,side,parked,taillight,wheel,headlight,license_plate,car_(automobile)
Kotak Mahindra Ad.mp4,Kotak,sec,interest,extra money,backpack,sweater,interest rate,group,spectacles,bus,people sitting,world,bench
Motivating Speech.mp4,surfer,freepik,suit,woman,silhouette,man,sunset,surfboard,fotosearch,bow tie
Basketball dunk.mp4,tennis court,playing tennis,Chris Brown,skateboard,chair,man,shoe,baseball,tennis_ball,bench
Baby falling asleep.mp4,Ludacris,#VEVOCertified,Music video,blanket,Justin Bieber,curtain,remote
Walrus.mp4,water,close,animal,bear plunge,dog,polar bear,elephant,top,banana,body,wheezing animal
Plants.mp4,tallinn airport,close,main reasons,extra hold,scissors,Aamir Khan,silhouette,images,pair,barber scissors,Water help,industrial designer,person holding,table,cup,carrot
Motorbike.mp4,mountain,road,dirt road,man riding,during daytime,images,harley davidson,unsplash,motorcycle,racing
Careful Cat.mp4,Patches,original content,magnet,Channel,Cat,cat funny,Life,cats,Dog
Emma Watson Speech.mp4,joe biden,black suit,women's rights,fauci,tie standing,suit,anthony fauci,man heating,long time,man,louis ck,equal rights,Mai Mela,bow tie,microphone
Airplane.mp4,sky background,plane flying,blue sky,airbus,flying,airplane flying,airplane,sky,air,jet plane
Cats.mp4,tabby cat,grape,kitten,dog,toy,cat,window sill,top,cute cat,cat sitting
Dog stay cool.mp4,funny cat,tabby cat,leash,grey couch,kitten,dog,cat lying,black,cute cat,beagle
Wildlife.mp4,water,teddy bear,animal,couple,cow,zebra,elephant,images,top
Coffee art.mp4,close,coffee,bowl,wooden table,velvet cake,mug,birthday cake,table,multicolored caramel,cup
Lions.mp4,field,Masai warriors,grass,animals Prey,dog,male lions,Masai,standing,addition lions,images,video,top,Michael Edwards
Elephants.mp4,animal,african,baby elephant,50 gallons,220 pounds,24000 pounds,elephant,loxodonta africana,dog elephant,population decline,trunk,african elephant,bird,banana,elephants
Horse.mp4,field,holding,woman,during daytime,images,stallion,saddle_(on_an_animal),horse,white horse,pole
TEDx Speech.mp4,close,40%,white photo,suit,man,black,tie,bow tie,microphone,tennis_ball,small businesses,University Imphal,suit jacket
